{"cameraMode":{"drawMode":0,"name":"Shaded","section":"Shading Mode"},"sceneLighting":false,"audioPlay":false,"sceneViewState":{"showFog":true,"showMaterialUpdate":false,"showSkybox":false,"showFlares":true,"showImageEffects":true,"showParticleSystems":true},"in2DMode":false,"pivot":{"x":496.9259948730469,"y":11.5,"z":499.8739929199219},"rotation":{"x":0.1112528070807457,"y":-0.28496894240379336,"z":0.03332044929265976,"w":0.9514753222465515},"size":0.40189021825790408,"orthographic":true}