{"cameraMode":{"drawMode":0,"name":"Shaded","section":"Shading Mode"},"sceneLighting":false,"audioPlay":false,"sceneViewState":{"showFog":true,"showMaterialUpdate":false,"showSkybox":false,"showFlares":true,"showImageEffects":true,"showParticleSystems":true},"in2DMode":false,"pivot":{"x":500.00213623046877,"y":26.299999237060548,"z":490.239990234375},"rotation":{"x":-0.23759636282920838,"y":-0.33909690380096438,"z":0.08894086629152298,"w":-0.9059031009674072},"size":10.0,"orthographic":false}