{"cameraMode":{"drawMode":0,"name":"Shaded","section":"Shading Mode"},"sceneLighting":false,"audioPlay":false,"sceneViewState":{"showFog":true,"showMaterialUpdate":false,"showSkybox":false,"showFlares":true,"showImageEffects":true,"showParticleSystems":true},"in2DMode":false,"pivot":{"x":497.5008544921875,"y":10.743879318237305,"z":499.88787841796877},"rotation":{"x":0.0044762142933905128,"y":-0.10271579772233963,"z":0.00046037984429858625,"w":0.99470454454422},"size":0.4252643585205078,"orthographic":true}