{"cameraMode":{"drawMode":0,"name":"Shaded","section":"Shading Mode"},"sceneLighting":false,"audioPlay":false,"sceneViewState":{"showFog":true,"showMaterialUpdate":false,"showSkybox":false,"showFlares":true,"showImageEffects":true,"showParticleSystems":true},"in2DMode":false,"pivot":{"x":-1.0199999809265137,"y":0.9491593837738037,"z":-0.40200015902519228},"rotation":{"x":-0.020897844806313516,"y":0.09764911234378815,"z":-0.002048002788797021,"w":-0.9950090050697327},"size":0.40343302488327029,"orthographic":false}