{"cameraMode":{"drawMode":0,"name":"Shaded","section":"Shading Mode"},"sceneLighting":false,"audioPlay":false,"sceneViewState":{"showFog":true,"showMaterialUpdate":false,"showSkybox":false,"showFlares":true,"showImageEffects":true,"showParticleSystems":true},"in2DMode":false,"pivot":{"x":497.0898742675781,"y":11.516929626464844,"z":499.2712707519531},"rotation":{"x":-0.4366554617881775,"y":0.5566922426223755,"z":-0.4387788474559784,"w":-0.5539939999580383},"size":0.12339544296264649,"orthographic":false}