{"cameraMode":{"drawMode":0,"name":"Shaded","section":"Shading Mode"},"sceneLighting":false,"audioPlay":false,"sceneViewState":{"showFog":true,"showMaterialUpdate":false,"showSkybox":false,"showFlares":true,"showImageEffects":true,"showParticleSystems":true},"in2DMode":false,"pivot":{"x":546.3345947265625,"y":11.018929481506348,"z":500.0},"rotation":{"x":0.06930514425039292,"y":0.84812992811203,"z":-0.11467833817005158,"w":0.512566864490509},"size":0.1299871802330017,"orthographic":false}