{"cameraMode":{"drawMode":0,"name":"Shaded","section":"Shading Mode"},"sceneLighting":false,"audioPlay":false,"sceneViewState":{"showFog":true,"showMaterialUpdate":false,"showSkybox":true,"showFlares":true,"showImageEffects":true,"showParticleSystems":true},"in2DMode":false,"pivot":{"x":9.250704765319825,"y":-6.7199249267578129,"z":-3.530064105987549},"rotation":{"x":-0.16537442803382874,"y":-0.816144585609436,"z":0.2839422821998596,"w":-0.4753383696079254},"size":415.11541748046877,"orthographic":false}