{"cameraMode":{"drawMode":0,"name":"Shaded","section":"Shading Mode"},"sceneLighting":false,"audioPlay":false,"sceneViewState":{"showFog":true,"showMaterialUpdate":false,"showSkybox":false,"showFlares":true,"showImageEffects":true,"showParticleSystems":true},"in2DMode":false,"pivot":{"x":0.8499999642372131,"y":0.0,"z":-1.5894999504089356},"rotation":{"x":0.007336048409342766,"y":-0.9925962090492249,"z":0.09138660132884979,"w":0.07968450337648392},"size":2.5365867614746095,"orthographic":false}